{
  "results": {
    "hendrycksTest-abstract_algebra": {
      "acc": 0.32,
      "acc_stderr": 0.046882617226215034,
      "acc_norm": 0.32,
      "acc_norm_stderr": 0.046882617226215034
    },
    "hendrycksTest-anatomy": {
      "acc": 0.37037037037037035,
      "acc_stderr": 0.041716541613545426,
      "acc_norm": 0.37037037037037035,
      "acc_norm_stderr": 0.041716541613545426
    },
    "hendrycksTest-astronomy": {
      "acc": 0.24342105263157895,
      "acc_stderr": 0.034923496688842384,
      "acc_norm": 0.24342105263157895,
      "acc_norm_stderr": 0.034923496688842384
    },
    "hendrycksTest-business_ethics": {
      "acc": 0.31,
      "acc_stderr": 0.04648231987117316,
      "acc_norm": 0.31,
      "acc_norm_stderr": 0.04648231987117316
    },
    "hendrycksTest-clinical_knowledge": {
      "acc": 0.2943396226415094,
      "acc_stderr": 0.02804918631569525,
      "acc_norm": 0.2943396226415094,
      "acc_norm_stderr": 0.02804918631569525
    },
    "hendrycksTest-college_biology": {
      "acc": 0.3055555555555556,
      "acc_stderr": 0.03852084696008534,
      "acc_norm": 0.3055555555555556,
      "acc_norm_stderr": 0.03852084696008534
    },
    "hendrycksTest-college_chemistry": {
      "acc": 0.22,
      "acc_stderr": 0.0416333199893227,
      "acc_norm": 0.22,
      "acc_norm_stderr": 0.0416333199893227
    },
    "hendrycksTest-college_computer_science": {
      "acc": 0.36,
      "acc_stderr": 0.04824181513244218,
      "acc_norm": 0.36,
      "acc_norm_stderr": 0.04824181513244218
    },
    "hendrycksTest-college_mathematics": {
      "acc": 0.32,
      "acc_stderr": 0.046882617226215034,
      "acc_norm": 0.32,
      "acc_norm_stderr": 0.046882617226215034
    },
    "hendrycksTest-college_medicine": {
      "acc": 0.2832369942196532,
      "acc_stderr": 0.034355680560478746,
      "acc_norm": 0.2832369942196532,
      "acc_norm_stderr": 0.034355680560478746
    },
    "hendrycksTest-college_physics": {
      "acc": 0.16666666666666666,
      "acc_stderr": 0.037082846624165444,
      "acc_norm": 0.16666666666666666,
      "acc_norm_stderr": 0.037082846624165444
    },
    "hendrycksTest-computer_security": {
      "acc": 0.41,
      "acc_stderr": 0.04943110704237102,
      "acc_norm": 0.41,
      "acc_norm_stderr": 0.04943110704237102
    },
    "hendrycksTest-conceptual_physics": {
      "acc": 0.3617021276595745,
      "acc_stderr": 0.03141082197596239,
      "acc_norm": 0.3617021276595745,
      "acc_norm_stderr": 0.03141082197596239
    },
    "hendrycksTest-econometrics": {
      "acc": 0.22807017543859648,
      "acc_stderr": 0.03947152782669415,
      "acc_norm": 0.22807017543859648,
      "acc_norm_stderr": 0.03947152782669415
    },
    "hendrycksTest-electrical_engineering": {
      "acc": 0.2620689655172414,
      "acc_stderr": 0.036646663372252565,
      "acc_norm": 0.2620689655172414,
      "acc_norm_stderr": 0.036646663372252565
    },
    "hendrycksTest-elementary_mathematics": {
      "acc": 0.2619047619047619,
      "acc_stderr": 0.022644212615525214,
      "acc_norm": 0.2619047619047619,
      "acc_norm_stderr": 0.022644212615525214
    },
    "hendrycksTest-formal_logic": {
      "acc": 0.30952380952380953,
      "acc_stderr": 0.04134913018303316,
      "acc_norm": 0.30952380952380953,
      "acc_norm_stderr": 0.04134913018303316
    },
    "hendrycksTest-global_facts": {
      "acc": 0.33,
      "acc_stderr": 0.04725815626252605,
      "acc_norm": 0.33,
      "acc_norm_stderr": 0.04725815626252605
    },
    "hendrycksTest-high_school_biology": {
      "acc": 0.3032258064516129,
      "acc_stderr": 0.026148685930671746,
      "acc_norm": 0.3032258064516129,
      "acc_norm_stderr": 0.026148685930671746
    },
    "hendrycksTest-high_school_chemistry": {
      "acc": 0.24630541871921183,
      "acc_stderr": 0.03031509928561773,
      "acc_norm": 0.24630541871921183,
      "acc_norm_stderr": 0.03031509928561773
    },
    "hendrycksTest-high_school_computer_science": {
      "acc": 0.28,
      "acc_stderr": 0.04512608598542128,
      "acc_norm": 0.28,
      "acc_norm_stderr": 0.04512608598542128
    },
    "hendrycksTest-high_school_european_history": {
      "acc": 0.4121212121212121,
      "acc_stderr": 0.03843566993588717,
      "acc_norm": 0.4121212121212121,
      "acc_norm_stderr": 0.03843566993588717
    },
    "hendrycksTest-high_school_geography": {
      "acc": 0.25252525252525254,
      "acc_stderr": 0.030954055470365904,
      "acc_norm": 0.25252525252525254,
      "acc_norm_stderr": 0.030954055470365904
    },
    "hendrycksTest-high_school_government_and_politics": {
      "acc": 0.38341968911917096,
      "acc_stderr": 0.03508984236295342,
      "acc_norm": 0.38341968911917096,
      "acc_norm_stderr": 0.03508984236295342
    },
    "hendrycksTest-high_school_macroeconomics": {
      "acc": 0.30512820512820515,
      "acc_stderr": 0.023346335293325884,
      "acc_norm": 0.30512820512820515,
      "acc_norm_stderr": 0.023346335293325884
    },
    "hendrycksTest-high_school_mathematics": {
      "acc": 0.24074074074074073,
      "acc_stderr": 0.026067159222275805,
      "acc_norm": 0.24074074074074073,
      "acc_norm_stderr": 0.026067159222275805
    },
    "hendrycksTest-high_school_microeconomics": {
      "acc": 0.28991596638655465,
      "acc_stderr": 0.029472485833136094,
      "acc_norm": 0.28991596638655465,
      "acc_norm_stderr": 0.029472485833136094
    },
    "hendrycksTest-high_school_physics": {
      "acc": 0.2913907284768212,
      "acc_stderr": 0.03710185726119994,
      "acc_norm": 0.2913907284768212,
      "acc_norm_stderr": 0.03710185726119994
    },
    "hendrycksTest-high_school_psychology": {
      "acc": 0.3174311926605505,
      "acc_stderr": 0.0199571521984605,
      "acc_norm": 0.3174311926605505,
      "acc_norm_stderr": 0.0199571521984605
    },
    "hendrycksTest-high_school_statistics": {
      "acc": 0.3148148148148148,
      "acc_stderr": 0.03167468706828979,
      "acc_norm": 0.3148148148148148,
      "acc_norm_stderr": 0.03167468706828979
    },
    "hendrycksTest-high_school_us_history": {
      "acc": 0.4215686274509804,
      "acc_stderr": 0.03465868196380758,
      "acc_norm": 0.4215686274509804,
      "acc_norm_stderr": 0.03465868196380758
    },
    "hendrycksTest-high_school_world_history": {
      "acc": 0.4008438818565401,
      "acc_stderr": 0.031900803894732356,
      "acc_norm": 0.4008438818565401,
      "acc_norm_stderr": 0.031900803894732356
    },
    "hendrycksTest-human_aging": {
      "acc": 0.3632286995515695,
      "acc_stderr": 0.032277904428505,
      "acc_norm": 0.3632286995515695,
      "acc_norm_stderr": 0.032277904428505
    },
    "hendrycksTest-human_sexuality": {
      "acc": 0.3282442748091603,
      "acc_stderr": 0.04118438565806298,
      "acc_norm": 0.3282442748091603,
      "acc_norm_stderr": 0.04118438565806298
    },
    "hendrycksTest-international_law": {
      "acc": 0.4297520661157025,
      "acc_stderr": 0.04519082021319773,
      "acc_norm": 0.4297520661157025,
      "acc_norm_stderr": 0.04519082021319773
    },
    "hendrycksTest-jurisprudence": {
      "acc": 0.4166666666666667,
      "acc_stderr": 0.04766075165356461,
      "acc_norm": 0.4166666666666667,
      "acc_norm_stderr": 0.04766075165356461
    },
    "hendrycksTest-logical_fallacies": {
      "acc": 0.3558282208588957,
      "acc_stderr": 0.03761521380046734,
      "acc_norm": 0.3558282208588957,
      "acc_norm_stderr": 0.03761521380046734
    },
    "hendrycksTest-machine_learning": {
      "acc": 0.25892857142857145,
      "acc_stderr": 0.041577515398656284,
      "acc_norm": 0.25892857142857145,
      "acc_norm_stderr": 0.041577515398656284
    },
    "hendrycksTest-management": {
      "acc": 0.30097087378640774,
      "acc_stderr": 0.045416094465039455,
      "acc_norm": 0.30097087378640774,
      "acc_norm_stderr": 0.045416094465039455
    },
    "hendrycksTest-marketing": {
      "acc": 0.405982905982906,