{
    "results": {
        "hendrycksTest-abstract_algebra": {
            "acc": 0.34,
            "acc_stderr": 0.047609522856952365,
            "acc_norm": 0.34,
            "acc_norm_stderr": 0.047609522856952365
        },
        "hendrycksTest-anatomy": {
            "acc": 0.5777777777777777,
            "acc_stderr": 0.04266763404099582,
            "acc_norm": 0.5777777777777777,
            "acc_norm_stderr": 0.04266763404099582
        },
        "hendrycksTest-astronomy": {
            "acc": 0.7171052631578947,
            "acc_stderr": 0.03665349695640767,
            "acc_norm": 0.7171052631578947,
            "acc_norm_stderr": 0.03665349695640767
        },
        "hendrycksTest-business_ethics": {
            "acc": 0.65,
            "acc_stderr": 0.047937248544110196,
            "acc_norm": 0.65,
            "acc_norm_stderr": 0.047937248544110196
        },
        "hendrycksTest-clinical_knowledge": {
            "acc": 0.6867924528301886,
            "acc_stderr": 0.02854479331905533,
            "acc_norm": 0.6867924528301886,
            "acc_norm_stderr": 0.02854479331905533
        },
        "hendrycksTest-college_biology": {
            "acc": 0.7083333333333334,
            "acc_stderr": 0.03800968060554859,
            "acc_norm": 0.7083333333333334,
            "acc_norm_stderr": 0.03800968060554859
        },
        "hendrycksTest-college_chemistry": {
            "acc": 0.42,
            "acc_stderr": 0.049604496374885836,
            "acc_norm": 0.42,
            "acc_norm_stderr": 0.049604496374885836
        },
        "hendrycksTest-college_computer_science": {
            "acc": 0.52,
            "acc_stderr": 0.050211673156867795,
            "acc_norm": 0.52,
            "acc_norm_stderr": 0.050211673156867795
        },
        "hendrycksTest-college_mathematics": {
            "acc": 0.38,
            "acc_stderr": 0.048783173121456316,
            "acc_norm": 0.38,
            "acc_norm_stderr": 0.048783173121456316
        },
        "hendrycksTest-college_medicine": {
            "acc": 0.630057803468208,
            "acc_stderr": 0.0368122963339432,
            "acc_norm": 0.630057803468208,
            "acc_norm_stderr": 0.0368122963339432
        },
        "hendrycksTest-college_physics": {
            "acc": 0.38235294117647056,
            "acc_stderr": 0.04835503696107224,
            "acc_norm": 0.38235294117647056,
            "acc_norm_stderr": 0.04835503696107224
        },
        "hendrycksTest-computer_security": {
            "acc": 0.76,
            "acc_stderr": 0.042923469599092816,
            "acc_norm": 0.76,
            "acc_norm_stderr": 0.042923469599092816
        },
        "hendrycksTest-conceptual_physics": {
            "acc": 0.574468085106383,
            "acc_stderr": 0.03232146916224468,
            "acc_norm": 0.574468085106383,
            "acc_norm_stderr": 0.03232146916224468
        },
        "hendrycksTest-econometrics": {
            "acc": 0.5087719298245614,
            "acc_stderr": 0.04702880432049615,
            "acc_norm": 0.5087719298245614,
            "acc_norm_stderr": 0.04702880432049615
        },
        "hendrycksTest-electrical_engineering": {
            "acc": 0.6206896551724138,
            "acc_stderr": 0.04043461861916747,
            "acc_norm": 0.6206896551724138,
            "acc_norm_stderr": 0.04043461861916747
        },
        "hendrycksTest-elementary_mathematics": {
            "acc": 0.43386243386243384,
            "acc_stderr": 0.0255250343824749,
            "acc_norm": 0.43386243386243384,
            "acc_norm_stderr": 0.0255250343824749
        },
        "hendrycksTest-formal_logic": {
            "acc": 0.4126984126984127,
            "acc_stderr": 0.04403438954768177,
            "acc_norm": 0.4126984126984127,
            "acc_norm_stderr": 0.04403438954768177
        },
        "hendrycksTest-global_facts": {
            "acc": 0.37,
            "acc_stderr": 0.048523658709391,
            "acc_norm": 0.37,
            "acc_norm_stderr": 0.048523658709391
        },
        "hendrycksTest-high_school_biology": {
            "acc": 0.7548387096774194,
            "acc_stderr": 0.024472243840895514,
            "acc_norm": 0.7548387096774194,
            "acc_norm_stderr": 0.024472243840895514
        },
        "hendrycksTest-high_school_chemistry": {
            "acc": 0.4236453201970443,
            "acc_stderr": 0.03476725747649038,
            "acc_norm": 0.4236453201970443,
            "acc_norm_stderr": 0.03476725747649038
        },
        "hendrycksTest-high_school_computer_science": {
            "acc": 0.68,
            "acc_stderr": 0.04688261722621504,
            "acc_norm": 0.68,
            "acc_norm_stderr": 0.04688261722621504
        },
        "hendrycksTest-high_school_european_history": {
            "acc": 0.7818181818181819,
            "acc_stderr": 0.03225078108306289,
            "acc_norm": 0.7818181818181819,
            "acc_norm_stderr": 0.03225078108306289
        },
        "hendrycksTest-high_school_geography": {
            "acc": 0.8333333333333334,
            "acc_stderr": 0.026552207828215272,
            "acc_norm": 0.8333333333333334,
            "acc_norm_stderr": 0.026552207828215272
        },
        "hendrycksTest-high_school_government_and_politics": {
            "acc": 0.917098445595855,
            "acc_stderr": 0.01989934131572178,
            "acc_norm": 0.917098445595855,
            "acc_norm_stderr": 0.01989934131572178
        },
        "hendrycksTest-high_school_macroeconomics": {
            "acc": 0.658974358974359,
            "acc_stderr": 0.024035489676335075,
            "acc_norm": 0.658974358974359,
            "acc_norm_stderr": 0.024035489676335075
        },
        "hendrycksTest-high_school_mathematics": {
            "acc": 0.337037037037037,
            "acc_stderr": 0.028820884666253252,
            "acc_norm": 0.337037037037037,
            "acc_norm_stderr": 0.028820884666253252
        },
        "hendrycksTest-high_school_microeconomics": {
            "acc": 0.680672268907563,
            "acc_stderr": 0.030283995525884396,
            "acc_norm": 0.680672268907563,
            "acc_norm_stderr": 0.030283995525884396
        },
        "hendrycksTest-high_school_physics": {
            "acc": 0.36423841059602646,
            "acc_stderr": 0.03929111781242742,
            "acc_norm": 0.36423841059602646,
            "acc_norm_stderr": 0.03929111781242742
        },
        "hendrycksTest-high_school_psychology": {
            "acc": 0.8311926605504587,
            "acc_stderr": 0.016060056268530333,
            "acc_norm": 0.8311926605504587,
            "acc_norm_stderr": 0.016060056268530333
        },
        "hendrycksTest-high_school_statistics": {
            "acc": 0.6203703703703703,
            "acc_stderr": 0.033096825811190354,
            "acc_norm": 0.6203703703703703,
            "acc_norm_stderr": 0.033096825811190354
        },
        "hendrycksTest-high_school_us_history": {
            "acc": 0.8186274509803921,
            "acc_stderr": 0.027044621719474082,
            "acc_norm": 0.8186274509803921,
            "acc_norm_stderr": 0.027044621719474082
        },
        "hendrycksTest-high_school_world_history": {
            "acc": 0.8354430379746836,
            "acc_stderr": 0.024135736240566932,
            "acc_norm": 0.8354430379746836,
            "acc_norm_stderr": 0.024135736240566932
        },
        "hendrycksTest-human_aging": {
            "acc": 0.7219730941704036,
            "acc_stderr": 0.03006958487449403,
            "acc_norm": 0.7219730941704036,
            "acc_norm_stderr": 0.03006958487449403
        },
        "hendrycksTest-human_sexuality": {
            "acc": 0.732824427480916,
            "acc_stderr": 0.038808483010823944,
            "acc_norm": 0.732824427480916,
            "acc_norm_stderr": 0.038808483010823944
        },