{
  "results": {
    "hendrycksTest-abstract_algebra": {
      "acc": 0.36,
      "acc_stderr": 0.04824181513244218,
      "acc_norm": 0.36,
      "acc_norm_stderr": 0.04824181513244218
    },
    "hendrycksTest-anatomy": {
      "acc": 0.42962962962962964,
      "acc_stderr": 0.04276349494376599,
      "acc_norm": 0.42962962962962964,
      "acc_norm_stderr": 0.04276349494376599
    },
    "hendrycksTest-astronomy": {
      "acc": 0.3881578947368421,
      "acc_stderr": 0.03965842097512744,
      "acc_norm": 0.3881578947368421,
      "acc_norm_stderr": 0.03965842097512744
    },
    "hendrycksTest-business_ethics": {
      "acc": 0.39,
      "acc_stderr": 0.04902071300001975,
      "acc_norm": 0.39,
      "acc_norm_stderr": 0.04902071300001975
    },
    "hendrycksTest-clinical_knowledge": {
      "acc": 0.4,
      "acc_stderr": 0.03015113445777628,
      "acc_norm": 0.4,
      "acc_norm_stderr": 0.03015113445777628
    },
    "hendrycksTest-college_biology": {
      "acc": 0.4236111111111111,
      "acc_stderr": 0.0413212501972337,
      "acc_norm": 0.4236111111111111,
      "acc_norm_stderr": 0.0413212501972337
    },
    "hendrycksTest-college_chemistry": {
      "acc": 0.36,
      "acc_stderr": 0.04824181513244218,
      "acc_norm": 0.36,
      "acc_norm_stderr": 0.04824181513244218
    },
    "hendrycksTest-college_computer_science": {
      "acc": 0.34,
      "acc_stderr": 0.04760952285695236,
      "acc_norm": 0.34,
      "acc_norm_stderr": 0.04760952285695236
    },
    "hendrycksTest-college_mathematics": {
      "acc": 0.23,
      "acc_stderr": 0.04229525846816506,
      "acc_norm": 0.23,
      "acc_norm_stderr": 0.04229525846816506
    },
    "hendrycksTest-college_medicine": {
      "acc": 0.3468208092485549,
      "acc_stderr": 0.036291466701596636,
      "acc_norm": 0.3468208092485549,
      "acc_norm_stderr": 0.036291466701596636
    },
    "hendrycksTest-college_physics": {
      "acc": 0.22549019607843138,
      "acc_stderr": 0.041583075330832865,
      "acc_norm": 0.22549019607843138,
      "acc_norm_stderr": 0.041583075330832865
    },
    "hendrycksTest-computer_security": {
      "acc": 0.59,
      "acc_stderr": 0.049431107042371025,
      "acc_norm": 0.59,
      "acc_norm_stderr": 0.049431107042371025
    },
    "hendrycksTest-conceptual_physics": {
      "acc": 0.40425531914893614,
      "acc_stderr": 0.03208115750788684,
      "acc_norm": 0.40425531914893614,
      "acc_norm_stderr": 0.03208115750788684
    },
    "hendrycksTest-econometrics": {
      "acc": 0.2807017543859649,
      "acc_stderr": 0.04227054451232199,
      "acc_norm": 0.2807017543859649,
      "acc_norm_stderr": 0.04227054451232199
    },
    "hendrycksTest-electrical_engineering": {
      "acc": 0.41379310344827586,
      "acc_stderr": 0.04104269211806232,
      "acc_norm": 0.41379310344827586,
      "acc_norm_stderr": 0.04104269211806232
    },
    "hendrycksTest-elementary_mathematics": {
      "acc": 0.24867724867724866,
      "acc_stderr": 0.022261817692400175,
      "acc_norm": 0.24867724867724866,
      "acc_norm_stderr": 0.022261817692400175
    },
    "hendrycksTest-formal_logic": {
      "acc": 0.30158730158730157,
      "acc_stderr": 0.041049472699033945,
      "acc_norm": 0.30158730158730157,
      "acc_norm_stderr": 0.041049472699033945
    },
    "hendrycksTest-global_facts": {
      "acc": 0.25,
      "acc_stderr": 0.04351941398892446,
      "acc_norm": 0.25,
      "acc_norm_stderr": 0.04351941398892446
    },
    "hendrycksTest-high_school_biology": {
      "acc": 0.4064516129032258,
      "acc_stderr": 0.02794172734625631,
      "acc_norm": 0.4064516129032258,
      "acc_norm_stderr": 0.02794172734625631
    },
    "hendrycksTest-high_school_chemistry": {
      "acc": 0.32019704433497537,
      "acc_stderr": 0.032826493853041504,
      "acc_norm": 0.32019704433497537,
      "acc_norm_stderr": 0.032826493853041504
    },
    "hendrycksTest-high_school_computer_science": {
      "acc": 0.41,
      "acc_stderr": 0.04943110704237102,
      "acc_norm": 0.41,
      "acc_norm_stderr": 0.04943110704237102
    },
    "hendrycksTest-high_school_european_history": {
      "acc": 0.6242424242424243,
      "acc_stderr": 0.03781887353205982,
      "acc_norm": 0.6242424242424243,
      "acc_norm_stderr": 0.03781887353205982
    },
    "hendrycksTest-high_school_geography": {
      "acc": 0.3838383838383838,
      "acc_stderr": 0.03464881675016338,
      "acc_norm": 0.3838383838383838,
      "acc_norm_stderr": 0.03464881675016338
    },
    "hendrycksTest-high_school_government_and_politics": {
      "acc": 0.5595854922279793,
      "acc_stderr": 0.035827245300360945,
      "acc_norm": 0.5595854922279793,
      "acc_norm_stderr": 0.035827245300360945
    },
    "hendrycksTest-high_school_macroeconomics": {
      "acc": 0.36666666666666664,
      "acc_stderr": 0.02443301646605246,
      "acc_norm": 0.36666666666666664,
      "acc_norm_stderr": 0.02443301646605246
    },
    "hendrycksTest-high_school_mathematics": {
      "acc": 0.25555555555555554,
      "acc_stderr": 0.02659393910184408,
      "acc_norm": 0.25555555555555554,
      "acc_norm_stderr": 0.02659393910184408
    },
    "hendrycksTest-high_school_microeconomics": {
      "acc": 0.35714285714285715,
      "acc_stderr": 0.031124619309328177,
      "acc_norm": 0.35714285714285715,
      "acc_norm_stderr": 0.031124619309328177
    },
    "hendrycksTest-high_school_physics": {
      "acc": 0.32450331125827814,
      "acc_stderr": 0.038227469376587525,
      "acc_norm": 0.32450331125827814,
      "acc_norm_stderr": 0.038227469376587525
    },
    "hendrycksTest-high_school_psychology": {
      "acc": 0.5321100917431193,
      "acc_stderr": 0.021393071222680814,
      "acc_norm": 0.5321100917431193,
      "acc_norm_stderr": 0.021393071222680814
    },
    "hendrycksTest-high_school_statistics": {
      "acc": 0.2777777777777778,
      "acc_stderr": 0.030546745264953178,
      "acc_norm": 0.2777777777777778,
      "acc_norm_stderr": 0.030546745264953178
    },
    "hendrycksTest-high_school_us_history": {
      "acc": 0.5245098039215687,
      "acc_stderr": 0.03505093194348798,
      "acc_norm": 0.5245098039215687,
      "acc_norm_stderr": 0.03505093194348798
    },
    "hendrycksTest-high_school_world_history": {
      "acc": 0.5907172995780591,
      "acc_stderr": 0.032007041833595914,
      "acc_norm": 0.5907172995780591,
      "acc_norm_stderr": 0.032007041833595914
    },
    "hendrycksTest-human_aging": {
      "acc": 0.5201793721973094,
      "acc_stderr": 0.033530461674123005,
      "acc_norm": 0.5201793721973094,
      "acc_norm_stderr": 0.033530461674123005
    },
    "hendrycksTest-human_sexuality": {
      "acc": 0.46564885496183206,
      "acc_stderr": 0.04374928560599738,
      "acc_norm": 0.46564885496183206,
      "acc_norm_stderr": 0.04374928560599738
    },
    "hendrycksTest-international_law": {
      "acc": 0.5785123966942148,
      "acc_stderr": 0.04507732278775087,
      "acc_norm": 0.5785123966942148,
      "acc_norm_stderr": 0.04507732278775087
    },
    "hendrycksTest-jurisprudence": {
      "acc": 0.5,
      "acc_stderr": 0.04833682445228318,
      "acc_norm": 0.5,
      "acc_norm_stderr": 0.04833682445228318
    },
    "hendrycksTest-logical_fallacies": {
      "acc": 0.3987730061349693,
      "acc_stderr": 0.03847021420456026,
      "acc_norm": 0.3987730061349693,
      "acc_norm_stderr": 0.03847021420456026
    },
    "hendrycksTest-machine_learning": {
      "acc": 0.36607142857142855,
      "acc_stderr": 0.0457237235873743,
      "acc_norm": 0.36607142857142855,
      "acc_norm_stderr": 0.0457237235873743
    },
    "hendrycksTest-management": {
      "acc": 0.39805825242718446,
      "acc_stderr": 0.04846748253977239,
      "acc_norm": 0.39805825242718446,
      "acc_norm_stderr": 0.04846748253977239
    },
    "hendrycksTest-marketing": {
      "acc": 0.6495726495726496,
      "acc_stderr": 0.031256108244218796,
      "acc_norm": 0.6495726495726496,