{
    "results": {
      "hendrycksTest-abstract_algebra": {
        "acc": 0.35,
        "acc_stderr": 0.04793724854411021,
        "acc_norm": 0.35,
        "acc_norm_stderr": 0.04793724854411021
      },
      "hendrycksTest-anatomy": {
        "acc": 0.5555555555555556,
        "acc_stderr": 0.04292596718256981,
        "acc_norm": 0.5555555555555556,
        "acc_norm_stderr": 0.04292596718256981
      },
      "hendrycksTest-astronomy": {
        "acc": 0.6973684210526315,
        "acc_stderr": 0.037385206761196686,
        "acc_norm": 0.6973684210526315,
        "acc_norm_stderr": 0.037385206761196686
      },
      "hendrycksTest-business_ethics": {
        "acc": 0.65,
        "acc_stderr": 0.047937248544110196,
        "acc_norm": 0.65,
        "acc_norm_stderr": 0.047937248544110196
      },
      "hendrycksTest-clinical_knowledge": {
        "acc": 0.6679245283018868,
        "acc_stderr": 0.02898545565233439,
        "acc_norm": 0.6679245283018868,
        "acc_norm_stderr": 0.02898545565233439
      },
      "hendrycksTest-college_biology": {
        "acc": 0.7291666666666666,
        "acc_stderr": 0.03716177437566017,
        "acc_norm": 0.7291666666666666,
        "acc_norm_stderr": 0.03716177437566017
      },
      "hendrycksTest-college_chemistry": {
        "acc": 0.38,
        "acc_stderr": 0.04878317312145632,
        "acc_norm": 0.38,
        "acc_norm_stderr": 0.04878317312145632
      },
      "hendrycksTest-college_computer_science": {
        "acc": 0.58,
        "acc_stderr": 0.049604496374885836,
        "acc_norm": 0.58,
        "acc_norm_stderr": 0.049604496374885836
      },
      "hendrycksTest-college_mathematics": {
        "acc": 0.38,
        "acc_stderr": 0.04878317312145632,
        "acc_norm": 0.38,
        "acc_norm_stderr": 0.04878317312145632
      },
      "hendrycksTest-college_medicine": {
        "acc": 0.6069364161849711,
        "acc_stderr": 0.03724249595817731,
        "acc_norm": 0.6069364161849711,
        "acc_norm_stderr": 0.03724249595817731
      },
      "hendrycksTest-college_physics": {
        "acc": 0.3333333333333333,
        "acc_stderr": 0.04690650298201943,
        "acc_norm": 0.3333333333333333,
        "acc_norm_stderr": 0.04690650298201943
      },
      "hendrycksTest-computer_security": {
        "acc": 0.77,
        "acc_stderr": 0.04229525846816506,
        "acc_norm": 0.77,
        "acc_norm_stderr": 0.04229525846816506
      },
      "hendrycksTest-conceptual_physics": {
        "acc": 0.5702127659574469,
        "acc_stderr": 0.03236214467715564,
        "acc_norm": 0.5702127659574469,
        "acc_norm_stderr": 0.03236214467715564
      },
      "hendrycksTest-econometrics": {
        "acc": 0.5,
        "acc_stderr": 0.047036043419179864,
        "acc_norm": 0.5,
        "acc_norm_stderr": 0.047036043419179864
      },
      "hendrycksTest-electrical_engineering": {
        "acc": 0.5862068965517241,
        "acc_stderr": 0.04104269211806232,
        "acc_norm": 0.5862068965517241,
        "acc_norm_stderr": 0.04104269211806232
      },
      "hendrycksTest-elementary_mathematics": {
        "acc": 0.43915343915343913,
        "acc_stderr": 0.02555992055053101,
        "acc_norm": 0.43915343915343913,
        "acc_norm_stderr": 0.02555992055053101
      },
      "hendrycksTest-formal_logic": {
        "acc": 0.4126984126984127,
        "acc_stderr": 0.04403438954768177,
        "acc_norm": 0.4126984126984127,
        "acc_norm_stderr": 0.04403438954768177
      },
      "hendrycksTest-global_facts": {
        "acc": 0.37,
        "acc_stderr": 0.048523658709391,
        "acc_norm": 0.37,
        "acc_norm_stderr": 0.048523658709391
      },
      "hendrycksTest-high_school_biology": {
        "acc": 0.7354838709677419,
        "acc_stderr": 0.02509189237885928,
        "acc_norm": 0.7354838709677419,
        "acc_norm_stderr": 0.02509189237885928
      },
      "hendrycksTest-high_school_chemistry": {
        "acc": 0.41379310344827586,
        "acc_stderr": 0.03465304488406796,
        "acc_norm": 0.41379310344827586,
        "acc_norm_stderr": 0.03465304488406796
      },
      "hendrycksTest-high_school_computer_science": {
        "acc": 0.66,
        "acc_stderr": 0.04760952285695237,
        "acc_norm": 0.66,
        "acc_norm_stderr": 0.04760952285695237
      },
      "hendrycksTest-high_school_european_history": {
        "acc": 0.7575757575757576,
        "acc_stderr": 0.03346409881055953,
        "acc_norm": 0.7575757575757576,
        "acc_norm_stderr": 0.03346409881055953
      },
      "hendrycksTest-high_school_geography": {
        "acc": 0.8131313131313131,
        "acc_stderr": 0.027772533334218967,
        "acc_norm": 0.8131313131313131,
        "acc_norm_stderr": 0.027772533334218967
      },
      "hendrycksTest-high_school_government_and_politics": {
        "acc": 0.8808290155440415,
        "acc_stderr": 0.023381935348121417,
        "acc_norm": 0.8808290155440415,
        "acc_norm_stderr": 0.023381935348121417
      },
      "hendrycksTest-high_school_macroeconomics": {
        "acc": 0.6461538461538462,
        "acc_stderr": 0.024243783994062167,
        "acc_norm": 0.6461538461538462,
        "acc_norm_stderr": 0.024243783994062167
      },
      "hendrycksTest-high_school_mathematics": {
        "acc": 0.35185185185185186,
        "acc_stderr": 0.02911661760608302,
        "acc_norm": 0.35185185185185186,
        "acc_norm_stderr": 0.02911661760608302
      },
      "hendrycksTest-high_school_microeconomics": {
        "acc": 0.6638655462184874,
        "acc_stderr": 0.030684737115135363,
        "acc_norm": 0.6638655462184874,
        "acc_norm_stderr": 0.030684737115135363
      },
      "hendrycksTest-high_school_physics": {
        "acc": 0.36423841059602646,
        "acc_stderr": 0.03929111781242742,
        "acc_norm": 0.36423841059602646,
        "acc_norm_stderr": 0.03929111781242742
      },
      "hendrycksTest-high_school_psychology": {
        "acc": 0.8348623853211009,
        "acc_stderr": 0.015919557829976044,
        "acc_norm": 0.8348623853211009,
        "acc_norm_stderr": 0.015919557829976044
      },
      "hendrycksTest-high_school_statistics": {
        "acc": 0.6203703703703703,
        "acc_stderr": 0.033096825811190354,
        "acc_norm": 0.6203703703703703,
        "acc_norm_stderr": 0.033096825811190354
      },
      "hendrycksTest-high_school_us_history": {
        "acc": 0.7990196078431373,
        "acc_stderr": 0.028125972265654373,
        "acc_norm": 0.7990196078431373,
        "acc_norm_stderr": 0.028125972265654373
      },
      "hendrycksTest-high_school_world_history": {
        "acc": 0.8270042194092827,
        "acc_stderr": 0.024621562866768424,
        "acc_norm": 0.8270042194092827,
        "acc_norm_stderr": 0.024621562866768424
      },
      "hendrycksTest-human_aging": {
        "acc": 0.7085201793721974,
        "acc_stderr": 0.030500283176545843,
        "acc_norm": 0.7085201793721974,
        "acc_norm_stderr": 0.030500283176545843
      },
      "hendrycksTest-human_sexuality": {
        "acc": 0.732824427480916,
        "acc_stderr": 0.038808483010823944,
        "acc_norm": 0.732824427480916,
        "acc_norm_stderr": 0.038808483010823944
      },
      "hendrycksTest-international_law": {
        "acc": 0.7520661157024794,
        "acc_stderr": 0.039418975265163025,
        "acc_norm": 0.7520661157024794,
        "acc_norm_stderr": 0.039418975265163025
      },
      "hendrycksTest-jurisprudence": {
        "acc": 0.7592592592592593,
        "acc_stderr": 0.04133119440243838,
        "acc_norm": 0.7592592592592593,
        "acc_norm_stderr": 0.04133119440243838
      },
      "hendrycksTest-logical_fallacies": {
        "acc": 0.7423312883435583,
        "acc_stderr": 0.03436150827846917,
        "acc_norm": 0.7423312883435583,
        "acc_norm_stderr": 0.03436150827846917
      },
      "hendrycksTest-machine_learning": {
        "acc": 0.4642857142857143,