{
    "results": {
      "hendrycksTest-abstract_algebra": {
        "acc": 0.35,
        "acc_stderr": 0.0479372485441102,
        "acc_norm": 0.35,
        "acc_norm_stderr": 0.0479372485441102
      },
      "hendrycksTest-anatomy": {
        "acc": 0.5925925925925926,
        "acc_stderr": 0.04244633238353228,
        "acc_norm": 0.5925925925925926,
        "acc_norm_stderr": 0.04244633238353228
      },
      "hendrycksTest-astronomy": {
        "acc": 0.8092105263157895,
        "acc_stderr": 0.031975658210325,
        "acc_norm": 0.8092105263157895,
        "acc_norm_stderr": 0.031975658210325
      },
      "hendrycksTest-business_ethics": {
        "acc": 0.79,
        "acc_stderr": 0.040936018074033256,
        "acc_norm": 0.79,
        "acc_norm_stderr": 0.040936018074033256
      },
      "hendrycksTest-clinical_knowledge": {
        "acc": 0.7132075471698113,
        "acc_stderr": 0.027834912527544067,
        "acc_norm": 0.7132075471698113,
        "acc_norm_stderr": 0.027834912527544067
      },
      "hendrycksTest-college_biology": {
        "acc": 0.8125,
        "acc_stderr": 0.032639560491693344,
        "acc_norm": 0.8125,
        "acc_norm_stderr": 0.032639560491693344
      },
      "hendrycksTest-college_chemistry": {
        "acc": 0.48,
        "acc_stderr": 0.050211673156867795,
        "acc_norm": 0.48,
        "acc_norm_stderr": 0.050211673156867795
      },
      "hendrycksTest-college_computer_science": {
        "acc": 0.61,
        "acc_stderr": 0.04902071300001974,
        "acc_norm": 0.61,
        "acc_norm_stderr": 0.04902071300001974
      },
      "hendrycksTest-college_mathematics": {
        "acc": 0.38,
        "acc_stderr": 0.04878317312145633,
        "acc_norm": 0.38,
        "acc_norm_stderr": 0.04878317312145633
      },
      "hendrycksTest-college_medicine": {
        "acc": 0.6358381502890174,
        "acc_stderr": 0.03669072477416907,
        "acc_norm": 0.6358381502890174,
        "acc_norm_stderr": 0.03669072477416907
      },
      "hendrycksTest-college_physics": {
        "acc": 0.37254901960784315,
        "acc_stderr": 0.04810840148082636,
        "acc_norm": 0.37254901960784315,
        "acc_norm_stderr": 0.04810840148082636
      },
      "hendrycksTest-computer_security": {
        "acc": 0.78,
        "acc_stderr": 0.04163331998932262,
        "acc_norm": 0.78,
        "acc_norm_stderr": 0.04163331998932262
      },
      "hendrycksTest-conceptual_physics": {
        "acc": 0.6297872340425532,
        "acc_stderr": 0.03156564682236784,
        "acc_norm": 0.6297872340425532,
        "acc_norm_stderr": 0.03156564682236784
      },
      "hendrycksTest-econometrics": {
        "acc": 0.4473684210526316,
        "acc_stderr": 0.04677473004491199,
        "acc_norm": 0.4473684210526316,
        "acc_norm_stderr": 0.04677473004491199
      },
      "hendrycksTest-electrical_engineering": {
        "acc": 0.6482758620689655,
        "acc_stderr": 0.0397923663749741,
        "acc_norm": 0.6482758620689655,
        "acc_norm_stderr": 0.0397923663749741
      },
      "hendrycksTest-elementary_mathematics": {
        "acc": 0.41798941798941797,
        "acc_stderr": 0.025402555503260912,
        "acc_norm": 0.41798941798941797,
        "acc_norm_stderr": 0.025402555503260912
      },
      "hendrycksTest-formal_logic": {
        "acc": 0.4523809523809524,
        "acc_stderr": 0.044518079590553275,
        "acc_norm": 0.4523809523809524,
        "acc_norm_stderr": 0.044518079590553275
      },
      "hendrycksTest-global_facts": {
        "acc": 0.45,
        "acc_stderr": 0.049999999999999996,
        "acc_norm": 0.45,
        "acc_norm_stderr": 0.049999999999999996
      },
      "hendrycksTest-high_school_biology": {
        "acc": 0.7870967741935484,
        "acc_stderr": 0.023287665127268552,
        "acc_norm": 0.7870967741935484,
        "acc_norm_stderr": 0.023287665127268552
      },
      "hendrycksTest-high_school_chemistry": {
        "acc": 0.5369458128078818,
        "acc_stderr": 0.035083705204426656,
        "acc_norm": 0.5369458128078818,
        "acc_norm_stderr": 0.035083705204426656
      },
      "hendrycksTest-high_school_computer_science": {
        "acc": 0.73,
        "acc_stderr": 0.044619604333847394,
        "acc_norm": 0.73,
        "acc_norm_stderr": 0.044619604333847394
      },
      "hendrycksTest-high_school_european_history": {
        "acc": 0.8363636363636363,
        "acc_stderr": 0.02888787239548795,
        "acc_norm": 0.8363636363636363,
        "acc_norm_stderr": 0.02888787239548795
      },
      "hendrycksTest-high_school_geography": {
        "acc": 0.8686868686868687,
        "acc_stderr": 0.024063156416822523,
        "acc_norm": 0.8686868686868687,
        "acc_norm_stderr": 0.024063156416822523
      },
      "hendrycksTest-high_school_government_and_politics": {
        "acc": 0.9378238341968912,
        "acc_stderr": 0.017426974154240524,
        "acc_norm": 0.9378238341968912,
        "acc_norm_stderr": 0.017426974154240524
      },
      "hendrycksTest-high_school_macroeconomics": {
        "acc": 0.6846153846153846,
        "acc_stderr": 0.02355964698318995,
        "acc_norm": 0.6846153846153846,
        "acc_norm_stderr": 0.02355964698318995
      },
      "hendrycksTest-high_school_mathematics": {
        "acc": 0.35555555555555557,
        "acc_stderr": 0.029185714949857406,
        "acc_norm": 0.35555555555555557,
        "acc_norm_stderr": 0.029185714949857406
      },
      "hendrycksTest-high_school_microeconomics": {
        "acc": 0.7563025210084033,
        "acc_stderr": 0.027886828078380572,
        "acc_norm": 0.7563025210084033,
        "acc_norm_stderr": 0.027886828078380572
      },
      "hendrycksTest-high_school_physics": {
        "acc": 0.4370860927152318,
        "acc_stderr": 0.04050035722230636,
        "acc_norm": 0.4370860927152318,
        "acc_norm_stderr": 0.04050035722230636
      },
      "hendrycksTest-high_school_psychology": {
        "acc": 0.8770642201834863,
        "acc_stderr": 0.014078467983673374,
        "acc_norm": 0.8770642201834863,
        "acc_norm_stderr": 0.014078467983673374
      },
      "hendrycksTest-high_school_statistics": {
        "acc": 0.5787037037037037,
        "acc_stderr": 0.033674621388960775,
        "acc_norm": 0.5787037037037037,
        "acc_norm_stderr": 0.033674621388960775
      },
      "hendrycksTest-high_school_us_history": {
        "acc": 0.9019607843137255,
        "acc_stderr": 0.020871118455552104,
        "acc_norm": 0.9019607843137255,
        "acc_norm_stderr": 0.020871118455552104
      },
      "hendrycksTest-high_school_world_history": {
        "acc": 0.8607594936708861,
        "acc_stderr": 0.022535526352692705,
        "acc_norm": 0.8607594936708861,
        "acc_norm_stderr": 0.022535526352692705
      },
      "hendrycksTest-human_aging": {
        "acc": 0.7982062780269058,
        "acc_stderr": 0.02693611191280227,
        "acc_norm": 0.7982062780269058,
        "acc_norm_stderr": 0.02693611191280227
      },
      "hendrycksTest-human_sexuality": {
        "acc": 0.8778625954198473,
        "acc_stderr": 0.028718776889342348,
        "acc_norm": 0.8778625954198473,
        "acc_norm_stderr": 0.028718776889342348
      },
      "hendrycksTest-international_law": {
        "acc": 0.8677685950413223,
        "acc_stderr": 0.03092278832044579,
        "acc_norm": 0.8677685950413223,
        "acc_norm_stderr": 0.03092278832044579
      },
      "hendrycksTest-jurisprudence": {
        "acc": 0.7962962962962963,
        "acc_stderr": 0.03893542518824847,
        "acc_norm": 0.7962962962962963,
        "acc_norm_stderr": 0.03893542518824847
      },
      "hendrycksTest-logical_fallacies": {
        "acc": 0.7852760736196319,
        "acc_stderr": 0.03226219377286775,
        "acc_norm": 0.7852760736196319,
        "acc_norm_stderr": 0.03226219377286775
      },
      "hendrycksTest-machine_learning": {
        "acc": 0.5446428571428571,