{
  "results": {
    "hendrycksTest-abstract_algebra": {
      "acc": 0.35,
      "acc_stderr": 0.0479372485441102,
      "acc_norm": 0.35,
      "acc_norm_stderr": 0.0479372485441102
    },
    "hendrycksTest-anatomy": {
      "acc": 0.6,
      "acc_stderr": 0.04232073695151589,
      "acc_norm": 0.6,
      "acc_norm_stderr": 0.04232073695151589
    },
    "hendrycksTest-astronomy": {
      "acc": 0.618421052631579,
      "acc_stderr": 0.03953173377749194,
      "acc_norm": 0.618421052631579,
      "acc_norm_stderr": 0.03953173377749194
    },
    "hendrycksTest-business_ethics": {
      "acc": 0.57,
      "acc_stderr": 0.04975698519562428,
      "acc_norm": 0.57,
      "acc_norm_stderr": 0.04975698519562428
    },
    "hendrycksTest-clinical_knowledge": {
      "acc": 0.6377358490566037,
      "acc_stderr": 0.0295822451283843,
      "acc_norm": 0.6377358490566037,
      "acc_norm_stderr": 0.0295822451283843
    },
    "hendrycksTest-college_biology": {
      "acc": 0.6944444444444444,
      "acc_stderr": 0.03852084696008534,
      "acc_norm": 0.6944444444444444,
      "acc_norm_stderr": 0.03852084696008534
    },
    "hendrycksTest-college_chemistry": {
      "acc": 0.39,
      "acc_stderr": 0.04902071300001975,
      "acc_norm": 0.39,
      "acc_norm_stderr": 0.04902071300001975
    },
    "hendrycksTest-college_computer_science": {
      "acc": 0.54,
      "acc_stderr": 0.05009082659620333,
      "acc_norm": 0.54,
      "acc_norm_stderr": 0.05009082659620333
    },
    "hendrycksTest-college_mathematics": {
      "acc": 0.36,
      "acc_stderr": 0.04824181513244218,
      "acc_norm": 0.36,
      "acc_norm_stderr": 0.04824181513244218
    },
    "hendrycksTest-college_medicine": {
      "acc": 0.5953757225433526,
      "acc_stderr": 0.03742461193887249,
      "acc_norm": 0.5953757225433526,
      "acc_norm_stderr": 0.03742461193887249
    },
    "hendrycksTest-college_physics": {
      "acc": 0.4019607843137255,
      "acc_stderr": 0.048786087144669955,
      "acc_norm": 0.4019607843137255,
      "acc_norm_stderr": 0.048786087144669955
    },
    "hendrycksTest-computer_security": {
      "acc": 0.74,
      "acc_stderr": 0.0440844002276808,
      "acc_norm": 0.74,
      "acc_norm_stderr": 0.0440844002276808
    },
    "hendrycksTest-conceptual_physics": {
      "acc": 0.5319148936170213,
      "acc_stderr": 0.03261936918467382,
      "acc_norm": 0.5319148936170213,
      "acc_norm_stderr": 0.03261936918467382
    },
    "hendrycksTest-econometrics": {
      "acc": 0.4649122807017544,
      "acc_stderr": 0.046920083813689104,
      "acc_norm": 0.4649122807017544,
      "acc_norm_stderr": 0.046920083813689104
    },
    "hendrycksTest-electrical_engineering": {
      "acc": 0.5586206896551724,
      "acc_stderr": 0.04137931034482758,
      "acc_norm": 0.5586206896551724,
      "acc_norm_stderr": 0.04137931034482758
    },
    "hendrycksTest-elementary_mathematics": {
      "acc": 0.37566137566137564,
      "acc_stderr": 0.024942368931159795,
      "acc_norm": 0.37566137566137564,
      "acc_norm_stderr": 0.024942368931159795
    },
    "hendrycksTest-formal_logic": {
      "acc": 0.36507936507936506,
      "acc_stderr": 0.04306241259127153,
      "acc_norm": 0.36507936507936506,
      "acc_norm_stderr": 0.04306241259127153
    },
    "hendrycksTest-global_facts": {
      "acc": 0.34,
      "acc_stderr": 0.04760952285695236,
      "acc_norm": 0.34,
      "acc_norm_stderr": 0.04760952285695236
    },
    "hendrycksTest-high_school_biology": {
      "acc": 0.6806451612903226,
      "acc_stderr": 0.026522709674667765,
      "acc_norm": 0.6806451612903226,
      "acc_norm_stderr": 0.026522709674667765
    },
    "hendrycksTest-high_school_chemistry": {
      "acc": 0.46798029556650245,
      "acc_stderr": 0.035107665979592154,
      "acc_norm": 0.46798029556650245,
      "acc_norm_stderr": 0.035107665979592154
    },
    "hendrycksTest-high_school_computer_science": {
      "acc": 0.69,
      "acc_stderr": 0.04648231987117316,
      "acc_norm": 0.69,
      "acc_norm_stderr": 0.04648231987117316
    },
    "hendrycksTest-high_school_european_history": {
      "acc": 0.7696969696969697,
      "acc_stderr": 0.0328766675860349,
      "acc_norm": 0.7696969696969697,
      "acc_norm_stderr": 0.0328766675860349
    },
    "hendrycksTest-high_school_geography": {
      "acc": 0.7676767676767676,
      "acc_stderr": 0.03008862949021749,
      "acc_norm": 0.7676767676767676,
      "acc_norm_stderr": 0.03008862949021749
    },
    "hendrycksTest-high_school_government_and_politics": {
      "acc": 0.8290155440414507,
      "acc_stderr": 0.027171213683164525,
      "acc_norm": 0.8290155440414507,
      "acc_norm_stderr": 0.027171213683164525
    },
    "hendrycksTest-high_school_macroeconomics": {
      "acc": 0.5948717948717949,
      "acc_stderr": 0.024890471769938145,
      "acc_norm": 0.5948717948717949,
      "acc_norm_stderr": 0.024890471769938145
    },
    "hendrycksTest-high_school_mathematics": {
      "acc": 0.29259259259259257,
      "acc_stderr": 0.02773896963217609,
      "acc_norm": 0.29259259259259257,
      "acc_norm_stderr": 0.02773896963217609
    },
    "hendrycksTest-high_school_microeconomics": {
      "acc": 0.6554621848739496,
      "acc_stderr": 0.030868682604121626,
      "acc_norm": 0.6554621848739496,
      "acc_norm_stderr": 0.030868682604121626
    },
    "hendrycksTest-high_school_physics": {
      "acc": 0.31788079470198677,
      "acc_stderr": 0.038020397601079024,
      "acc_norm": 0.31788079470198677,
      "acc_norm_stderr": 0.038020397601079024
    },
    "hendrycksTest-high_school_psychology": {
      "acc": 0.7761467889908257,
      "acc_stderr": 0.017871217767790226,
      "acc_norm": 0.7761467889908257,
      "acc_norm_stderr": 0.017871217767790226
    },
    "hendrycksTest-high_school_statistics": {
      "acc": 0.5092592592592593,
      "acc_stderr": 0.034093869469927006,
      "acc_norm": 0.5092592592592593,
      "acc_norm_stderr": 0.034093869469927006
    },
    "hendrycksTest-high_school_us_history": {
      "acc": 0.7696078431372549,
      "acc_stderr": 0.029554292605695063,
      "acc_norm": 0.7696078431372549,
      "acc_norm_stderr": 0.029554292605695063
    },
    "hendrycksTest-high_school_world_history": {
      "acc": 0.7426160337552743,
      "acc_stderr": 0.02845882099146029,
      "acc_norm": 0.7426160337552743,
      "acc_norm_stderr": 0.02845882099146029
    },
    "hendrycksTest-human_aging": {
      "acc": 0.6457399103139013,
      "acc_stderr": 0.032100621541349864,
      "acc_norm": 0.6457399103139013,
      "acc_norm_stderr": 0.032100621541349864
    },
    "hendrycksTest-human_sexuality": {
      "acc": 0.7404580152671756,
      "acc_stderr": 0.03844876139785271,
      "acc_norm": 0.7404580152671756,
      "acc_norm_stderr": 0.03844876139785271
    },
    "hendrycksTest-international_law": {
      "acc": 0.7603305785123967,
      "acc_stderr": 0.03896878985070417,
      "acc_norm": 0.7603305785123967,
      "acc_norm_stderr": 0.03896878985070417
    },
    "hendrycksTest-jurisprudence": {
      "acc": 0.6944444444444444,
      "acc_stderr": 0.044531975073749834,
      "acc_norm": 0.6944444444444444,
      "acc_norm_stderr": 0.044531975073749834
    },
    "hendrycksTest-logical_fallacies": {
      "acc": 0.7300613496932515,
      "acc_stderr": 0.034878251684978906,
      "acc_norm": 0.7300613496932515,
      "acc_norm_stderr": 0.034878251684978906
    },
    "hendrycksTest-machine_learning": {
      "acc": 0.4642857142857143,
      "acc_stderr": 0.04733667890053756,
      "acc_norm": 0.4642857142857143,
      "acc_norm_stderr": 0.04733667890053756
    },
    "hendrycksTest-management": {
      "acc": 0.7669902912621359,
      "acc_stderr": 0.04185832598928315,
      "acc_norm": 0.7669902912621359,
      "acc_norm_stderr": 0.04185832598928315
    },
    "hendrycksTest-marketing": {
      "acc": 0.8589743589743589,
      "acc_stderr": 0.022801382534597528,
      "acc_norm": 0.8589743589743589,